{"base_lr": 4.999999999999998e-06, "lr": 4.999999999999998e-06, "data_time": 0.07282124996185303, "loss": 5.0792675828933715, "loss_rpn_cls": 0.6715478754043579, "loss_rpn_bbox": 0.11228677276521921, "loss_cls": 3.3782717323303224, "acc": 91.30859375, "loss_bbox": 0.016573374820291066, "loss_mask": 0.9005877983570099, "time": 0.8490831470489502, "epoch": 1, "iter": 50, "memory": 14189, "step": 50}
