{"base_lr": 1.9613655770513682e-06, "lr": 1.9613655770513682e-06, "data_time": 0.010843014717102051, "loss": 0.8543890416622162, "decode.loss_ce": 0.6091357171535492, "decode.acc_seg": 11.0924072265625, "aux.loss_ce": 0.245253324508667, "aux.acc_seg": 4.102056980133057, "time": 0.7193458080291748, "iter": 50, "memory": 41523, "step": 50}
{"base_lr": 3.962697798532355e-06, "lr": 3.962697798532355e-06, "data_time": 0.010271477699279784, "loss": 0.7415913164615631, "decode.loss_ce": 0.5144416719675065, "decode.acc_seg": 7.969797134399414, "aux.loss_ce": 0.22714964896440507, "aux.acc_seg": 6.578282356262207, "time": 0.7188009262084961, "iter": 100, "memory": 11042, "step": 100}
{"base_lr": 5.964030020013346e-06, "lr": 5.964030020013346e-06, "data_time": 0.009717917442321778, "loss": 0.8110061585903168, "decode.loss_ce": 0.5525442212820053, "decode.acc_seg": 16.939794540405273, "aux.loss_ce": 0.2584619387984276, "aux.acc_seg": 6.24505090713501, "time": 0.7172425031661988, "iter": 150, "memory": 11042, "step": 150}
{"base_lr": 7.965362241494336e-06, "lr": 7.965362241494336e-06, "data_time": 0.010113906860351563, "loss": 0.5673837900161743, "decode.loss_ce": 0.34770345240831374, "decode.acc_seg": 59.58528137207031, "aux.loss_ce": 0.2196803331375122, "aux.acc_seg": 16.814449310302734, "time": 0.710849118232727, "iter": 200, "memory": 11042, "step": 200}
