{"base_lr": 4.999999999999998e-06, "lr": 4.999999999999998e-06, "data_time": 0.043382186889648434, "loss": 5.146515250205994, "loss_rpn_cls": 0.6700990462303161, "loss_rpn_bbox": 0.07934803837910294, "loss_cls": 3.4470813179016115, "acc": 94.3359375, "loss_bbox": 0.018203847110271454, "loss_mask": 0.9317829406261444, "time": 1.057071738243103, "epoch": 1, "iter": 50, "memory": 27824, "step": 50}
