{"base_lr": 1.9613655770513682e-06, "lr": 1.9613655770513682e-06, "data_time": 0.011579513549804688, "loss": 5.906823015213012, "decode.loss_ce": 4.211429476737976, "decode.acc_seg": 0.1654963195323944, "aux.loss_ce": 1.6953934907913208, "aux.acc_seg": 0.22427460551261902, "time": 0.6923093795776367, "iter": 50, "memory": 40107, "step": 50}
