{"base_lr": 1.9613655770513682e-06, "lr": 1.9613655770513682e-06, "data_time": 0.012844514846801759, "loss": 6.05329122543335, "decode.loss_ce": 4.314636445045471, "decode.acc_seg": 0.23190054297447205, "aux.loss_ce": 1.7386548280715943, "aux.acc_seg": 1.831988033496046e-11, "time": 0.8752310276031494, "iter": 50, "memory": 49619, "step": 50}
{"base_lr": 3.962697798532355e-06, "lr": 3.962697798532355e-06, "data_time": 0.011882376670837403, "loss": 5.665217995643616, "decode.loss_ce": 4.0246511697769165, "decode.acc_seg": 2.7428901195526123, "aux.loss_ce": 1.6405668139457703, "aux.acc_seg": 0.1982775330543518, "time": 0.8738691091537476, "iter": 100, "memory": 13099, "step": 100}
{"base_lr": 5.964030020013346e-06, "lr": 5.964030020013346e-06, "data_time": 0.01114356517791748, "loss": 5.6448060989379885, "decode.loss_ce": 3.9539267778396607, "decode.acc_seg": 50.626731872558594, "aux.loss_ce": 1.6908793330192566, "aux.acc_seg": 0.05264779180288315, "time": 0.8747478246688842, "iter": 150, "memory": 13099, "step": 150}
