{"base_lr": 1.9613655770513682e-06, "lr": 1.9613655770513682e-06, "data_time": 0.009024286270141601, "loss": 5.646300029754639, "decode.loss_ce": 4.0264586210250854, "decode.acc_seg": 0.6609116792678833, "aux.loss_ce": 1.6198414444923401, "aux.acc_seg": 0.5043060183525085, "time": 0.8838860750198364, "iter": 50, "memory": 42084, "step": 50}
