{"base_lr": 4.999999999999998e-06, "lr": 4.999999999999998e-06, "data_time": 0.08133828163146972, "loss": 4.92137499332428, "loss_rpn_cls": 0.6921381783485413, "loss_rpn_bbox": 0.10692666089162231, "loss_cls": 3.2513930702209475, "acc": 81.640625, "loss_bbox": 0.008367734044441022, "loss_mask": 0.8625493013858795, "time": 1.3077044010162353, "epoch": 1, "iter": 50, "memory": 24195, "step": 50}
