{"base_lr": 1.9613655770513682e-06, "lr": 1.9613655770513682e-06, "data_time": 0.010111474990844726, "loss": 5.513791584968567, "decode.loss_ce": 3.9367881536483766, "decode.acc_seg": 0.10077127069234848, "aux.loss_ce": 1.5770034551620484, "aux.acc_seg": 0.19343169033527374, "time": 0.699817442893982, "iter": 50, "memory": 40105, "step": 50}
