{"base_lr": 1.9613655770513682e-06, "lr": 1.9613655770513682e-06, "data_time": 0.009808731079101563, "loss": 5.408138990402222, "decode.loss_ce": 3.858272933959961, "decode.acc_seg": 0.6903056502342224, "aux.loss_ce": 1.5498659372329713, "aux.acc_seg": 0.14409442245960236, "time": 0.6604337453842163, "iter": 50, "memory": 44072, "step": 50}
