{"base_lr": 4.999999999999998e-06, "lr": 4.999999999999998e-06, "data_time": 0.05386119365692139, "loss": 5.138837575912476, "loss_rpn_cls": 0.6818660724163056, "loss_rpn_bbox": 0.0890092225652188, "loss_cls": 3.3963898730278017, "acc": 98.046875, "loss_bbox": 0.026539754098048433, "loss_mask": 0.9450326871871948, "time": 0.7094397354125976, "epoch": 1, "iter": 50, "memory": 12920, "step": 50}
{"base_lr": 9.999999999999996e-06, "lr": 9.999999999999996e-06, "data_time": 0.02465857982635498, "loss": 2.0145750212669373, "loss_rpn_cls": 0.5263300651311874, "loss_rpn_bbox": 0.07800989238545299, "loss_cls": 0.49642311811447143, "acc": 97.55859375, "loss_bbox": 0.09816233082674444, "loss_mask": 0.8156496071815491, "time": 0.6379795265197754, "epoch": 1, "iter": 100, "memory": 13129, "step": 100}
{"base_lr": 1.4999999999999978e-05, "lr": 1.4999999999999978e-05, "data_time": 0.02943531036376953, "loss": 1.7098769021034241, "loss_rpn_cls": 0.32191611498594286, "loss_rpn_bbox": 0.0926226816419512, "loss_cls": 0.3913000363111496, "acc": 92.1875, "loss_bbox": 0.165820617005229, "loss_mask": 0.7382174682617187, "time": 0.6616133832931519, "epoch": 1, "iter": 150, "memory": 11966, "step": 150}
