{"base_lr": 1.9613655770513682e-06, "lr": 1.9613655770513682e-06, "data_time": 0.007417368888854981, "loss": 5.277338147163391, "decode.loss_ce": 3.7749964237213134, "decode.acc_seg": 3.4690439701080322, "aux.loss_ce": 1.502341639995575, "aux.acc_seg": 0.07116322219371796, "time": 0.48882231712341306, "iter": 50, "memory": 37591, "step": 50}
{"base_lr": 3.962697798532355e-06, "lr": 3.962697798532355e-06, "data_time": 0.009029889106750488, "loss": 5.737691450119018, "decode.loss_ce": 4.093182325363159, "decode.acc_seg": 1.6022896766662598, "aux.loss_ce": 1.6445091307163238, "aux.acc_seg": 0.813739538192749, "time": 0.48802087306976316, "iter": 100, "memory": 6171, "step": 100}
