{"base_lr": 3.2689426284189457e-06, "lr": 8.309213561946106e-07, "data_time": 0.008443999290466308, "loss": 5.730898475646972, "decode.loss_ce": 4.09562509059906, "decode.acc_seg": 1.8820582628250122, "aux.loss_ce": 1.6352733373641968, "aux.acc_seg": 1.7781039476394653, "time": 0.6818724632263183, "iter": 50, "memory": 42277, "step": 50}
