{"base_lr": 1.9613655770513682e-06, "lr": 1.9613655770513682e-06, "data_time": 0.012380170822143554, "loss": 0.8570664048194885, "decode.loss_ce": 0.6058479934930802, "decode.acc_seg": 8.237034797668457, "aux.loss_ce": 0.2512184172868729, "aux.acc_seg": 8.870076179504395, "time": 1.9631149768829346, "iter": 50, "memory": 58773, "step": 50}
