{"base_lr": 4.999999999999998e-06, "lr": 4.999999999999998e-06, "data_time": 0.06879778861999512, "loss": 5.041618747711182, "loss_rpn_cls": 0.6649967408180237, "loss_rpn_bbox": 0.11572792762890458, "loss_cls": 3.354944807291031, "acc": 98.6328125, "loss_bbox": 0.005025047600647667, "loss_mask": 0.9009242606163025, "time": 1.0521737051010132, "epoch": 1, "iter": 50, "memory": 14297, "step": 50}
