{"base_lr": 3.2689426284189457e-06, "lr": 8.309213561946106e-07, "data_time": 0.005599522590637207, "loss": 1.9755209684371948, "decode.loss_ce": 1.4006424427032471, "decode.acc_seg": 1.6345289945602417, "aux.loss_ce": 0.5748785406351089, "aux.acc_seg": 0.2839403748512268, "time": 0.8705851554870605, "iter": 50, "memory": 44457, "step": 50}
{"base_lr": 6.604496330887259e-06, "lr": 1.6787743536806593e-06, "data_time": 0.005762815475463867, "loss": 1.6204896569252014, "decode.loss_ce": 1.1232702016830445, "decode.acc_seg": 34.950748443603516, "aux.loss_ce": 0.4972194492816925, "aux.acc_seg": 1.2323837280273438, "time": 0.8699326753616333, "iter": 100, "memory": 9817, "step": 100}
